Model,Encoding,R²,RMSE,MAE
Random Forest,Label,0.9766942665559917,7.64956313569738,3.4416723586659987
Linear Regression,One-Hot,0.9496496493775423,11.243628703510074,7.508575905004624
Ridge Regression,One-Hot,0.9484897326503589,11.372400556757679,7.526614567136696
